Residue,Chain,ν0 (C4'-O4'-C1'-C2'),ν1 (O4'-C1-'C2'-C3'),ν2 (C1'-C2'-C3'-C4'),ν3 (C2'-C3'-C4'-O4'),ν4 (C3'-C4'-O4'-C1')
1,A,-178.17607,158.19498,-147.14018,146.39812,-160.57419
2,A,179.44632,159.5063,-147.48718,146.2423,-158.35985
3,A,-174.86897,153.04318,-142.5849,144.52362,-160.8592
4,A,-175.04199,154.24438,-144.45906,146.33641,-161.85573
5,A,-172.48743,150.86632,-141.33742,144.66382,-162.4417
6,A,-171.34622,149.88768,-140.69414,144.67717,-163.19792
7,A,-173.62735,151.04405,-140.5233,143.13524,-160.81566
8,A,-177.40274,152.27174,-138.94473,139.42697,-156.14384
9,A,-178.74017,154.78468,-141.49931,141.33086,-156.43066
10,A,-178.72339,156.16904,-143.8557,143.6101,-157.81801
11,A,152.49803,-141.90762,146.2448,-161.15495,-174.94875
12,A,-162.74925,149.50012,-148.4467,157.49586,-176.47147
13,A,-176.43288,154.47397,-143.36209,144.30275,-159.83954
14,A,176.82144,159.91371,-145.61755,142.8239,-154.55516
15,A,-179.53969,156.79541,-144.27875,143.52051,-157.27396
16,A,-178.26422,156.76399,-145.41072,145.43925,-159.26721
17,A,-172.7498,149.69989,-139.21532,142.37627,-160.89357
18,A,-174.32101,152.17654,-141.70227,143.9433,-160.89479
19,A,-175.8958,154.01865,-143.2502,144.60573,-160.26309
26,A,-176.18962,155.13123,-144.66576,145.91695,-160.87868
27,A,174.2043,162.59106,-147.37811,143.10461,-153.03851
28,A,171.9602,166.36217,-151.245,145.70686,-153.2658
29,A,-173.64937,151.73305,-141.42584,144.00371,-161.34645
30,A,-172.13762,151.39589,-142.59334,146.09042,-163.5529
31,A,-172.52489,153.67007,-145.842,149.1775,-165.18915
32,A,-172.16626,154.16507,-147.0185,150.58229,-166.30086
33,A,-169.59265,149.63953,-142.06375,147.03526,-165.75159
34,A,-171.9067,152.06406,-143.8325,147.51306,-164.55144
35,A,179.24458,157.58939,-144.14015,142.69286,-156.04922
36,A,-172.6642,153.44077,-145.51656,148.70773,-164.89165
37,A,179.9265,158.85081,-147.02165,145.99101,-158.5223
38,A,-176.46915,153.17932,-141.03659,142.09435,-158.34944
39,A,150.14679,-135.79938,139.91629,-155.92119,-176.54214
40,A,-172.54648,152.43396,-144.10286,147.35503,-164.04341
41,A,-173.0761,153.91954,-145.93088,148.85811,-164.57074
42,A,-174.07153,154.3042,-145.29521,147.74535,-163.38617
43,A,177.25578,164.48822,-153.29207,150.78578,-159.79692
44,A,-178.42456,157.18854,-146.07404,146.07628,-159.55399
45,A,149.11542,-138.4729,144.55418,-161.21802,-172.82175
46,A,-177.58113,156.17094,-145.04343,145.45561,-159.64174
47,A,175.90266,161.39282,-147.00131,143.8026,-154.62328
48,A,179.66083,156.24722,-142.42648,141.12367,-155.3732
49,A,-177.4071,155.24173,-143.60408,144.15681,-158.89531
50,A,-175.16592,153.05182,-142.21501,143.91739,-160.33592
51,A,179.51607,156.60707,-143.02248,141.68379,-155.65327
52,A,-179.77298,158.86644,-147.31584,146.46442,-158.97594
53,A,-168.9321,147.27843,-138.78975,144.13309,-164.34868
54,A,149.23386,-142.6012,150.48476,-167.29855,-168.82362
55,A,-170.73042,149.9003,-141.89255,146.16962,-164.4924
56,A,155.08293,-145.02113,148.76778,-162.22673,-175.73044
57,A,-173.59352,154.23695,-145.86894,148.58063,-164.13406
58,A,174.66829,162.63075,-148.05132,144.04826,-154.1234
59,A,173.66676,162.03467,-145.80762,141.12654,-151.47324
60,A,177.7776,160.69614,-147.60995,145.47688,-156.81201
61,A,-176.7246,152.1607,-139.36917,140.19194,-157.09145
62,A,-179.92792,155.3834,-141.55048,140.5989,-155.17348
63,A,178.99391,158.74193,-145.935,144.36694,-156.7155
64,A,179.54572,158.263,-145.52303,144.20555,-157.17523
65,A,179.86125,157.88705,-145.25218,144.3473,-157.35094
66,A,156.39554,-140.80678,141.03018,-153.54736,177.97345
67,A,175.87622,159.72595,-144.50346,141.048,-152.90239
68,A,-178.55606,156.18651,-143.93349,143.89777,-158.12823
69,A,174.5252,160.38571,-144.02904,139.94261,-151.19469
70,A,-174.80832,153.43661,-143.16748,145.22365,-161.27803
71,A,-176.83838,153.54524,-141.73428,142.48347,-158.38945
72,A,174.84964,163.2177,-149.30531,145.34183,-154.74501
73,A,-178.5282,156.72356,-145.0149,144.87582,-158.78723
74,A,179.24173,156.63911,-142.60483,141.04462,-154.93532
75,A,-177.08693,153.9861,-142.10873,142.81052,-158.31702
76,A,-177.65907,156.49178,-145.63185,145.90707,-159.9328
77,A,-178.83638,155.89813,-143.60168,143.25829,-157.52148
78,A,-175.7993,153.19421,-141.95653,143.22946,-159.55902
79,A,156.83607,-144.23695,146.04207,-158.49333,-179.17833
80,A,-173.44469,150.63869,-140.07567,142.84117,-160.82834
81,A,-174.1231,150.64584,-139.22668,141.66284,-159.61186
82,A,176.52135,160.84659,-146.97522,144.04012,-155.1637
83,A,-177.15274,158.91621,-149.84276,150.56944,-163.12944
84,A,160.50957,-145.07689,144.30229,-154.32889,175.99435
85,A,156.61505,-142.45279,143.15591,-155.80421,179.29457
86,A,-168.36697,148.1783,-141.27608,146.8495,-166.40201
87,A,178.50491,158.56921,-145.0629,143.24376,-155.85176
88,A,179.63878,156.50308,-142.73141,141.46326,-155.57803
89,A,-177.3135,153.47539,-140.95404,141.47905,-157.44185
90,A,179.12756,156.8398,-142.93762,141.44783,-155.15826
91,A,177.96838,158.5973,-144.61127,142.46985,-155.03584
92,A,-168.22542,150.97722,-145.54251,151.41666,-169.29681
93,A,-175.19786,152.85373,-141.88231,143.63503,-160.12166
94,A,177.7593,158.61093,-144.44249,142.19429,-154.78682
95,A,178.63148,157.81815,-143.90045,142.10376,-155.25739
96,A,-177.3485,155.3188,-143.72818,144.36372,-159.17345
97,A,-177.9361,155.67427,-143.91347,144.03148,-158.592
98,A,-175.38591,154.17848,-143.94977,145.56342,-161.09776
99,A,-177.95776,156.8125,-145.72112,145.89377,-159.72856
100,A,153.48013,-140.40079,143.37073,-157.6237,-177.742
101,A,174.33301,-155.91394,147.60042,-149.96266,164.44562
102,A,155.57559,-142.54634,144.67163,-157.7957,-178.83261
103,A,179.73537,155.67102,-141.806,140.67271,-155.07817
104,A,-177.56804,154.20341,-141.90701,142.2906,-157.76727
105,A,177.95761,155.61578,-139.83899,137.50642,-152.02959
106,A,-176.00912,152.236,-140.31194,141.54228,-158.29454
107,A,-171.68736,150.31497,-141.17038,144.90413,-163.10092
108,A,-176.6573,151.7429,-138.72957,139.58737,-156.63354
109,A,-175.5206,151.83125,-139.85886,141.5226,-158.7065
110,A,-178.15234,154.34341,-141.66551,141.75911,-157.10791
111,A,179.9539,156.01752,-142.28548,141.32837,-155.61694
112,A,-178.21446,154.91975,-142.23839,142.21617,-157.39134
117,A,-176.2049,155.15468,-144.8123,146.06111,-160.93802
118,A,-174.48573,153.8183,-144.03389,146.23361,-162.18716
119,A,-177.33214,153.6218,-141.1585,141.65587,-157.59981
120,A,-175.89847,151.67592,-139.27441,140.67812,-157.82835
121,A,-169.61348,149.23373,-141.52075,146.39,-165.36926
122,A,176.50801,159.86928,-144.99095,142.08894,-153.72221
123,A,-171.72597,149.84633,-139.70016,143.2851,-162.29803
124,A,179.06598,157.83,-144.30482,142.53719,-155.93495
125,A,176.32382,159.68242,-144.82066,141.64662,-153.31514
126,A,-177.38846,153.77246,-141.25317,141.85179,-157.53723
127,A,-176.26926,154.80638,-144.15509,145.37653,-160.40976
128,A,173.25749,166.38461,-152.53743,147.92815,-155.50133
129,A,177.20074,-164.70763,158.70073,-159.67186,168.89624
130,A,-167.2056,148.04776,-142.14087,148.49318,-168.0414
131,A,-175.59322,152.64171,-141.41475,142.89725,-159.33374
132,A,-165.38763,144.31389,-138.00827,145.3255,-167.22412
133,A,-170.24718,150.32234,-142.65706,147.24661,-165.50214
134,A,-176.50948,154.33702,-143.12279,144.10756,-159.53613
135,A,-174.93535,152.71948,-141.97212,143.8518,-160.42467
136,A,-175.41362,151.77525,-140.18594,141.76515,-158.82211
137,A,-177.27847,156.26825,-145.56909,146.11855,-160.3382
138,A,-179.94028,155.73221,-142.04585,141.07626,-155.55396
139,A,-175.09453,151.87442,-140.53188,142.38748,-159.40057
140,A,178.571,157.28754,-143.07198,141.20988,-154.65427
141,A,152.33125,-139.92317,143.55386,-158.40387,-176.39369
142,A,156.61162,-142.43217,143.37068,-155.9,179.339
143,A,-173.50739,153.12263,-144.05734,146.85455,-163.18318
144,A,-172.06448,150.64885,-141.5544,145.07281,-162.9077
145,A,-177.18414,154.95006,-143.39058,144.06924,-159.12393
146,A,-178.27548,155.8035,-143.70483,143.64519,-158.20062
147,A,179.78304,156.49231,-142.99173,141.84673,-155.85802
148,A,-176.27757,152.76329,-140.88432,142.00327,-158.42929
149,A,-175.09747,152.71773,-141.90862,143.675,-160.1864
150,A,150.8053,-139.86775,144.80132,-160.57152,-174.15565
151,A,-171.97241,150.592,-141.45563,144.84154,-162.88507
152,A,-175.85774,151.91507,-140.2715,141.56036,-158.38206
153,A,-179.35358,160.42503,-150.14812,149.58781,-161.21175
154,A,-175.81953,154.07506,-143.24643,144.50609,-160.29456
155,A,176.894,158.77208,-143.98724,140.99623,-153.48239
156,A,-175.84338,157.21759,-148.2816,149.73492,-163.40717
157,A,-170.9735,153.98985,-147.827,152.16617,-168.03618
158,A,163.65839,-147.10315,143.78355,-152.2093,172.54236
159,A,-172.03378,151.06985,-142.13374,145.61508,-163.37534
160,A,179.51564,156.18523,-142.24454,140.78854,-154.86081
161,A,-179.86407,160.0598,-148.69476,147.93544,-159.78307
162,A,-171.68071,148.43991,-138.00505,141.69955,-161.2468
163,A,176.57559,157.96875,-142.24312,139.25392,-152.16693
164,A,-179.01184,156.62827,-144.33029,143.88931,-157.93594
165,A,179.07597,157.05878,-143.21968,141.68257,-155.27866
166,A,176.76653,157.66945,-141.88074,138.9359,-152.15231
167,A,178.86136,156.90886,-142.85822,141.13388,-154.8022
168,A,-174.8619,150.10825,-137.90039,139.92644,-158.06093
169,A,176.36497,158.89145,-143.59406,140.51166,-152.82727
170,A,-176.92957,155.076,-143.74446,144.55673,-159.61577
171,A,-177.62167,152.80275,-139.58905,139.91339,-156.31902
172,A,-173.32954,179.96844,173.98373,-169.83511,169.52367
