Residue,Chain,ν0 (C4'-O4'-C1'-C2'),ν1 (O4'-C1-'C2'-C3'),ν2 (C1'-C2'-C3'-C4'),ν3 (C2'-C3'-C4'-O4'),ν4 (C3'-C4'-O4'-C1'),tan(P),v(max),Conformation
1,A,-178.17607,158.19498,-147.14018,146.39812,-160.57419,-1.5055473226732805,-265.94026504085423,C2'-endo
2,A,179.44632,159.5063,-147.48718,146.2423,-158.35985,0.1578040873010911,-149.31226023410247,Unknown
3,A,-174.86897,153.04318,-142.5849,144.52362,-160.8592,-1.5548590418022947,-263.5926534922378,C2'-endo
4,A,-175.04199,154.24438,-144.45906,146.33641,-161.85573,-1.543040832400846,-265.6230535591454,C2'-endo
5,A,-172.48743,150.86632,-141.33742,144.66382,-162.4417,-1.5758597535996623,-263.7878064468717,C2'-endo
6,A,-171.34622,149.88768,-140.69414,144.67717,-163.19792,-1.585988039531409,-263.7914971958752,C2'-endo
7,A,-173.62735,151.04405,-140.5233,143.13524,-160.81566,-1.574418449371897,-262.09736944088064,C2'-endo
8,A,-177.40274,152.27174,-138.94473,139.42697,-156.14384,-1.5638646677390402,-257.91647829368145,C2'-endo
9,A,-178.74017,154.78468,-141.49931,141.33086,-156.43066,-1.5404923202671854,-259.8782887300785,C2'-endo
10,A,-178.72339,156.16904,-143.8557,143.6101,-157.81801,-1.5259287652533498,-262.45125519365297,C2'-endo
11,A,152.49803,-141.90762,146.2448,-161.15495,-174.94875,0.0148412068638903,146.26090515695648,C3'-endo
12,A,-162.74925,149.50012,-148.4467,157.49586,-176.47147,-1.584782231653853,-278.17559849516635,C2'-endo
13,A,-176.43288,154.47397,-143.36209,144.30275,-159.83954,-1.541196127645519,-263.3841163360811,C2'-endo
14,A,176.82144,159.91371,-145.61755,142.8239,-154.55516,0.183120961989423,-148.03893565330597,Unknown
15,A,-179.53969,156.79541,-144.27875,143.52051,-157.27396,-1.519370773679388,-262.4322012415453,C2'-endo
16,A,-178.26422,156.76399,-145.41072,145.43925,-159.26721,-1.5199744039473129,-264.5644929714972,C2'-endo
17,A,-172.7498,149.69989,-139.21532,142.37627,-160.89357,-1.5881669919341777,-261.275461067264,C2'-endo
18,A,-174.32101,152.17654,-141.70227,143.9433,-160.89479,-1.5634630365893367,-262.9872225783134,C2'-endo
19,A,-175.8958,154.01865,-143.2502,144.60573,-160.26309,-1.5454495724963635,-263.6898997689142,C2'-endo
26,A,-176.18962,155.13123,-144.66576,145.91695,-160.87868,-1.5355168839593756,-265.0903679138879,C2'-endo
27,A,174.2043,162.59106,-147.37811,143.10461,-153.03851,0.1868922678553388,-149.92988306114665,Unknown
28,A,171.9602,166.36217,-151.245,145.70686,-153.2658,0.1762789056471916,-153.57693546613504,Unknown
29,A,-173.64937,151.73305,-141.42584,144.00371,-161.34645,-1.5678791843931332,-263.00054857679453,C2'-endo
30,A,-172.13762,151.39589,-142.59334,146.09042,-163.5529,-1.5698602081288495,-265.4098794234874,C2'-endo
31,A,-172.52489,153.67007,-145.842,149.1775,-165.18915,-1.5480685953488724,-268.78155848182035,C2'-endo
32,A,-172.16626,154.16507,-147.0185,150.58229,-166.30086,-1.543343822202221,-270.3665879401676,C2'-endo
33,A,-169.59265,149.63953,-142.06375,147.03526,-165.75159,-1.5869437551447956,-266.4742772530652,C2'-endo
34,A,-171.9067,152.06406,-143.8325,147.51306,-164.55144,-1.563505458746892,-266.9458864110183,C2'-endo
35,A,179.24458,157.58939,-144.14015,142.69286,-156.04922,0.1790553854287027,-146.43254741406338,Unknown
36,A,-172.6642,153.44077,-145.51656,148.70773,-164.89165,-1.549674545229227,-268.37811307503955,C2'-endo
37,A,179.9265,158.85081,-147.02165,145.99101,-158.5223,0.1579052628249925,-148.84328890051074,Unknown
38,A,-176.46915,153.17932,-141.03659,142.09435,-158.34944,-1.5552343524563508,-260.7748582342027,C2'-endo
39,A,150.14679,-135.79938,139.91629,-155.92119,-176.54214,0.0303797521488607,139.9808415339451,C3'-endo
40,A,-172.54648,152.43396,-144.10286,147.35503,-164.04341,-1.5587093002304535,-266.8656844320012,C2'-endo
41,A,-173.0761,153.91954,-145.93088,148.85811,-164.57074,-1.544172550264557,-268.4679601464752,C2'-endo
42,A,-174.07153,154.3042,-145.29521,147.74535,-163.38617,-1.5430634938813803,-267.1632814367811,C2'-endo
43,A,177.25578,164.48822,-153.29207,150.78578,-159.79692,0.1377322729503382,-154.7392280367316,Unknown
44,A,-178.42456,157.18854,-146.07404,146.07628,-159.55399,-1.5161317019908414,-265.3026029573714,C2'-endo
45,A,149.11542,-138.4729,144.55418,-161.21802,-172.82175,0.0045053388671621,144.555647078588,C3'-endo
46,A,-177.58113,156.17094,-145.04343,145.45561,-159.64174,-1.5252287722827602,-264.53324431125554,C2'-endo
47,A,175.90266,161.39282,-147.00131,143.8026,-154.62328,0.1791549047277755,-149.34179032444212,Unknown
48,A,179.66083,156.24722,-142.42648,141.12367,-155.3732,0.1874858659565672,-144.90807378262485,Unknown
49,A,-177.4071,155.24173,-143.60408,144.15681,-158.89531,-1.534429539436375,-263.01407787427587,C2'-endo
50,A,-175.16592,153.05182,-142.21501,143.91739,-160.33592,-1.554895421488934,-262.9131998400132,C2'-endo
51,A,179.51607,156.60707,-143.02248,141.68379,-155.65327,0.1837432612631524,-145.41677186086548,Unknown
52,A,-179.77298,158.86644,-147.31584,146.46442,-158.97594,-1.5009626352056789,-265.6954132773428,C2'-endo
53,A,-168.9321,147.27843,-138.78975,144.13309,-164.34868,-1.6116643177479009,-263.2421889220554,C2'-endo
54,A,149.23386,-142.6012,150.48476,-167.29855,-168.82362,-0.0229965847885525,150.524546139881,Unknown
55,A,-170.73042,149.9003,-141.89255,146.16962,-164.4924,-1.582899994575129,-265.66788826749865,C2'-endo
56,A,155.08293,-145.02113,148.76778,-162.22673,-175.73044,0.0156758270661425,148.78605734613652,C3'-endo
57,A,-173.59352,154.23695,-145.86894,148.58063,-164.13406,-1.5424400699260343,-268.14192472959814,C2'-endo
58,A,174.66829,162.63075,-148.05132,144.04826,-154.1234,0.179064015897667,-150.40614566939587,Unknown
59,A,173.66676,162.03467,-145.80762,141.12654,-151.47324,0.2002873455533764,-148.70340230865642,Unknown
60,A,177.7776,160.69614,-147.60995,145.47688,-156.81201,0.166092866135048,-149.6321444417768,Unknown
61,A,-176.7246,152.1607,-139.36917,140.19194,-157.09145,-1.564670804055477,-258.7990067567404,C2'-endo
62,A,-179.92792,155.3834,-141.55048,140.5989,-155.17348,-1.5332336503134485,-259.1110602784573,C2'-endo
63,A,178.99391,158.74193,-145.935,144.36694,-156.7155,0.1701745613564383,-148.03301277345824,Unknown
64,A,179.54572,158.263,-145.52303,144.20555,-157.17523,0.1696065888745204,-147.60127653167498,Unknown
65,A,179.86125,157.88705,-145.25218,144.3473,-157.35094,0.1681601819632793,-147.29157254625602,Unknown
66,A,156.39554,-140.80678,141.03018,-153.54736,177.97345,-1.6676095105357942,274.22742732190466,Unknown
67,A,175.87622,159.72595,-144.50346,141.048,-152.90239,0.195296812800749,-147.23341492907798,Unknown
68,A,-178.55606,156.18651,-143.93349,143.89777,-158.12823,-1.5270486307920976,-262.72800630335087,C2'-endo
69,A,174.5252,160.38571,-144.02904,139.94261,-151.19469,0.2059217091386249,-147.05102247112572,Unknown
70,A,-174.80832,153.43661,-143.16748,145.22365,-161.27803,-1.5516780843566698,-264.286736772987,C2'-endo
71,A,-176.83838,153.54524,-141.73428,142.48347,-158.38945,-1.5496459178547188,-261.3989948606874,C2'-endo
72,A,174.84964,163.2177,-149.30531,145.34183,-154.74501,0.1723555450409157,-151.50674461709772,Unknown
73,A,-178.5282,156.72356,-145.0149,144.87582,-158.78723,-1.520670391488924,-263.92864939875926,C2'-endo
74,A,179.24173,156.63911,-142.60483,141.04462,-154.93532,0.189578155013772,-145.14480982201323,Unknown
75,A,-177.08693,153.9861,-142.10873,142.81052,-158.31702,-1.5458597541152483,-261.6376629205436,C2'-endo
76,A,-177.65907,156.49178,-145.63185,145.90707,-159.9328,-1.521390609387357,-265.1391469574579,C2'-endo
77,A,-178.83638,155.89813,-143.60168,143.25829,-157.52148,-1.5273803201894425,-262.1621878517539,C2'-endo
78,A,-175.7993,153.19421,-141.95653,143.22946,-159.55902,-1.5530785721781484,-262.21845995744025,C2'-endo
79,A,156.83607,-144.23695,146.04207,-158.49333,-179.17833,0.0375136349332477,146.14479438921057,C3'-endo
80,A,-173.44469,150.63869,-140.07567,142.84117,-160.82834,-1.5791658238416462,-261.8240489301397,C2'-endo
81,A,-174.1231,150.64584,-139.22668,141.66284,-159.61186,-1.5804077464423616,-260.38324834788784,C2'-endo
82,A,176.52135,160.84659,-146.97522,144.04012,-155.1637,0.1759344832409641,-149.23254317721987,Unknown
83,A,-177.15274,158.91621,-149.84276,150.56944,-163.12944,-1.500920385922894,-270.24763873737714,C2'-endo
84,A,160.50957,-145.07689,144.30229,-154.32889,175.99435,-1.6234399819973249,275.14316241832296,Unknown
85,A,156.61505,-142.45279,143.15591,-155.80421,179.29457,-1.653029852964462,276.572909137694,Unknown
86,A,-168.36697,148.1783,-141.27608,146.8495,-166.40201,-1.5991497394808658,-266.4573194263049,C2'-endo
87,A,178.50491,158.56921,-145.0629,143.24376,-155.85176,0.1773872626428934,-147.32751532736478,Unknown
88,A,179.63878,156.50308,-142.73141,141.46326,-155.57803,0.1856108537424485,-145.16923881026304,Unknown
89,A,-177.3135,153.47539,-140.95404,141.47905,-157.44185,-1.551460355569672,-260.17493704031114,C2'-endo
90,A,179.12756,156.8398,-142.93762,141.44783,-155.15826,0.1865788414226437,-145.40428467368196,Unknown
91,A,177.96838,158.5973,-144.61127,142.46985,-155.03584,0.1830078940790348,-147.01297849789398,Unknown
92,A,-168.22542,150.97722,-145.54251,151.41666,-169.29681,-1.573321302475141,-271.3241836231717,C2'-endo
93,A,-175.19786,152.85373,-141.88231,143.63503,-160.12166,-1.5572684183889152,-262.581377872237,C2'-endo
94,A,177.7593,158.61093,-144.44249,142.19429,-154.78682,0.1847656132003903,-146.88731238923407,Unknown
95,A,178.63148,157.81815,-143.90045,142.10376,-155.25739,0.1840460354016577,-146.31731969988596,Unknown
96,A,-177.3485,155.3188,-143.72818,144.36372,-159.17345,-1.5347516675540576,-263.2801597142368,C2'-endo
97,A,-177.9361,155.67427,-143.91347,144.03148,-158.592,-1.5295668609827873,-262.9947211409658,C2'-endo
98,A,-175.38591,154.17848,-143.94977,145.56342,-161.09776,-1.543223045308513,-264.70861197669313,C2'-endo
99,A,-177.95776,156.8125,-145.72112,145.89377,-159.72856,-1.5193446833922366,-265.0525880813323,C2'-endo
100,A,153.48013,-140.40079,143.37073,-157.6237,-177.742,0.0332650236573296,143.45003235427754,C3'-endo
101,A,174.33301,-155.91394,147.60042,-149.96266,164.44562,-1.527816689190994,269.5162586252867,Unknown
102,A,155.57559,-142.54634,144.67163,-157.7957,-178.83261,0.037502661182399,144.77333093102212,C3'-endo
103,A,179.73537,155.67102,-141.806,140.67271,-155.07817,0.1894736270147297,-144.32899145781923,Unknown
104,A,-177.56804,154.20341,-141.90701,142.2906,-157.76727,-1.5442094869028948,-261.06967588264297,C2'-endo
105,A,177.95761,155.61578,-139.83899,137.50642,-152.02959,0.2133698392915461,-142.98676485933274,Unknown
106,A,-176.00912,152.236,-140.31194,141.54228,-158.29454,-1.562669225650911,-260.313066675267,C2'-endo
107,A,-171.68736,150.31497,-141.17038,144.90413,-163.10092,-1.5808479557411306,-264.07089403727946,C2'-endo
108,A,-176.6573,151.7429,-138.72957,139.58737,-156.63354,-1.568407304346242,-258.04824273095613,C2'-endo
109,A,-175.5206,151.83125,-139.85886,141.5226,-158.7065,-1.5692261530754543,-260.2453861327997,C2'-endo
110,A,-178.15234,154.34341,-141.66551,141.75911,-157.10791,-1.5432713856077689,-260.51384318019427,C2'-endo
111,A,179.9539,156.01752,-142.28548,141.32837,-155.61694,0.1858379974457243,-144.72159395416352,Unknown
112,A,-178.21446,154.91975,-142.23839,142.21617,-157.39134,-1.538133527908223,-260.9543333796021,C2'-endo
117,A,-176.2049,155.15468,-144.8123,146.06111,-160.93802,-1.534876957213133,-265.28124382903513,C2'-endo
118,A,-174.48573,153.8183,-144.03389,146.23361,-162.18716,-1.5480588127922543,-265.4480932499034,C2'-endo
119,A,-177.33214,153.6218,-141.1585,141.65587,-157.59981,-1.5502067828293689,-260.4036161313339,C2'-endo
120,A,-175.89847,151.67592,-139.27441,140.67812,-157.82835,-1.57002485498739,-259.2516749694544,C2'-endo
121,A,-169.61348,149.23373,-141.52075,146.39,-165.36926,-1.590155520417622,-265.840412880502,C2'-endo
122,A,176.50801,159.86928,-144.99095,142.08894,-153.72221,0.1895669513060102,-147.57312720170154,Unknown
123,A,-171.72597,149.84633,-139.70016,143.2851,-162.29803,-1.5881988001822414,-262.18915566546315,C2'-endo
124,A,179.06598,157.83,-144.30482,142.53719,-155.93495,0.1804096498827136,-146.63440693352592,Unknown
125,A,176.32382,159.68242,-144.82066,141.64662,-153.31514,0.1920277845429194,-147.4665958323515,Unknown
126,A,-177.38846,153.77246,-141.25317,141.85179,-157.53723,-1.549354881819073,-260.4771477853217,C2'-endo
127,A,-176.26926,154.80638,-144.15509,145.37653,-160.40976,-1.5381135853176744,-264.4683519555436,C2'-endo
128,A,173.25749,166.38461,-152.53743,147.92815,-155.50133,0.1608508492864418,-154.49812883616846,Unknown
129,A,177.20074,-164.70763,158.70073,-159.67186,168.89624,-1.4561068333209015,280.332480112666,Unknown
130,A,-167.2056,148.04776,-142.14087,148.49318,-168.0414,-1.6001562845374764,-268.20969518382583,C2'-endo
131,A,-175.59322,152.64171,-141.41475,142.89725,-159.33374,-1.5580173563487163,-261.8051901379791,C2'-endo
132,A,-165.38763,144.31389,-138.00827,145.3255,-167.22412,-1.6379143054491676,-264.8451434037857,C2'-endo
133,A,-170.24718,150.32234,-142.65706,147.24661,-165.50214,-1.5800283931458454,-266.75305230522247,C2'-endo
134,A,-176.50948,154.33702,-143.12279,144.10756,-159.53613,-1.5424235581546808,-263.09186270117107,C2'-endo
135,A,-174.93535,152.71948,-141.97212,143.8518,-160.42467,-1.5581517972858043,-262.85312831436704,C2'-endo
136,A,-175.41362,151.77525,-140.18594,141.76515,-158.82211,-1.5670495196230156,-260.596733727685,C2'-endo
137,A,-177.27847,156.26825,-145.56909,146.11855,-160.3382,-1.5241867088497203,-265.3651095684589,C2'-endo
138,A,-179.94028,155.73221,-142.04585,141.07626,-155.55396,-1.530373648489116,-259.6776662045737,C2'-endo
139,A,-175.09453,151.87442,-140.53188,142.38748,-159.40057,-1.5669648145917168,-261.2297795814998,C2'-endo
140,A,178.571,157.28754,-143.07198,141.20988,-154.65427,0.1894018975355783,-145.6155854584456,Unknown
141,A,152.33125,-139.92317,143.55386,-158.40387,-176.39369,0.026344779273097,143.6036679505133,C3'-endo
142,A,156.61162,-142.43217,143.37068,-155.9,179.339,-1.6512975012189652,276.7753594451422,Unknown
143,A,-173.50739,153.12263,-144.05734,146.85455,-163.18318,-1.5540824076980166,-266.2206197760584,C2'-endo
144,A,-172.06448,150.64885,-141.5544,145.07281,-162.9077,-1.5766488132833585,-264.2870870306608,C2'-endo
145,A,-177.18414,154.95006,-143.39058,144.06924,-159.12393,-1.5377053689874738,-263.0167018169478,C2'-endo
146,A,-178.27548,155.8035,-143.70483,143.64519,-158.20062,-1.529111810126781,-262.55871071741905,C2'-endo
147,A,179.78304,156.49231,-142.99173,141.84673,-155.85802,0.182761750934886,-145.36020925306883,Unknown
148,A,-176.27757,152.76329,-140.88432,142.00327,-158.42929,-1.5579407021929363,-260.81410150930554,C2'-endo
149,A,-175.09747,152.71773,-141.90862,143.675,-160.1864,-1.557649661984554,-262.6755952424942,C2'-endo
150,A,150.8053,-139.86775,144.80132,-160.57152,-174.15565,0.0123837547129894,144.81242274992934,C3'-endo
151,A,-171.97241,150.592,-141.45563,144.84154,-162.88507,-1.5763648587320704,-264.0687611544472,C2'-endo
152,A,-175.85774,151.91507,-140.2715,141.56036,-158.38206,-1.564448785833897,-260.4483310405198,C2'-endo
153,A,-179.35358,160.42503,-150.14812,149.58781,-161.21175,-1.4879074227807685,-269.174521813687,C2'-endo
154,A,-175.81953,154.07506,-143.24643,144.50609,-160.29456,-1.544540236757271,-263.5736080377444,C2'-endo
155,A,176.894,158.77208,-143.98724,140.99623,-153.48239,0.1938120784674425,-146.66661563485167,Unknown
156,A,-175.84338,157.21759,-148.2816,149.73492,-163.40717,-1.5159570952234147,-269.2904050228128,C2'-endo
157,A,-170.9735,153.98985,-147.827,152.16617,-168.03618,-1.5454523058844225,-272.11505051903976,C2'-endo
158,A,163.65839,-147.10315,143.78355,-152.2093,172.54236,-1.6083319968474057,272.30690524276827,Unknown
159,A,-172.03378,151.06985,-142.13374,145.61508,-163.37534,-1.5728833325732712,-264.9169304488067,C2'-endo
160,A,179.51564,156.18523,-142.24454,140.78854,-154.86081,0.1907757780562793,-144.80992979889456,Unknown
161,A,-179.86407,160.0598,-148.69476,147.93544,-159.78307,-1.492401521957137,-267.1239307650424,C2'-endo
162,A,-171.68071,148.43991,-138.00505,141.69955,-161.2468,-1.6014438107786202,-260.55639532404643,C2'-endo
163,A,176.57559,157.96875,-142.24312,139.25392,-152.16693,0.2054104185262484,-145.21297978438972,Unknown
164,A,-179.01184,156.62827,-144.33029,143.88931,-157.93594,-1.5219738029979593,-262.83985335472727,C2'-endo
165,A,179.07597,157.05878,-143.21968,141.68257,-155.27866,0.1853231760201472,-145.65833506290352,Unknown
166,A,176.76653,157.66945,-141.88074,138.9359,-152.15231,0.2070061038308181,-144.88875666853764,Unknown
167,A,178.86136,156.90886,-142.85822,141.13388,-154.8022,0.1889252679132428,-145.38536933111877,Unknown
168,A,-174.8619,150.10825,-137.90039,139.92644,-158.06093,-1.585727320534524,-258.52300294782617,C2'-endo
169,A,176.36497,158.89145,-143.59406,140.51166,-152.82727,0.1977874040172405,-146.37580517871228,Unknown
170,A,-176.92957,155.076,-143.74446,144.55673,-159.61577,-1.536742312052171,-263.5497710244558,C2'-endo
171,A,-177.62167,152.80275,-139.58905,139.91339,-156.31902,-1.558342652709044,-258.4634341503687,C2'-endo
172,A,-173.32954,179.96844,173.98373,-169.83511,169.52367,-1.3474243309811036,291.93787262824003,Unknown
